Company,Jan 2024,Jan 2025,Jan 2026,Jan 2024_AvgRain,Jan 2025_AvgRain,Jan 2026_AvgRain,Change_24_25,Change_25_26
Attijariwafa Bank,460,530,731,1.064516129032258,1.053225806451613,8.100000000000001,15.217391304347828,37.924528301886795
Maroc Telecom,95,102,106,1.064516129032258,1.053225806451613,8.100000000000001,7.368421052631578,3.9215686274509802
Managem,1800,2600,8050,1.064516129032258,1.053225806451613,8.100000000000001,44.44444444444444,209.6153846153846
Akdital,480,1080,1153,1.064516129032258,1.053225806451613,8.100000000000001,125.0,6.7592592592592595
TGCC,190,450,834,1.064516129032258,1.053225806451613,8.100000000000001,136.8421052631579,85.33333333333334
BCP,285,295,270,1.064516129032258,1.053225806451613,8.100000000000001,3.508771929824561,-8.47457627118644
Taqa Morocco,1100,1450,1945,1.064516129032258,1.053225806451613,8.100000000000001,31.818181818181817,34.13793103448276
LafargeHolcim,1850,2100,1799,1.064516129032258,1.053225806451613,8.100000000000001,13.513513513513514,-14.333333333333334
